INSERT INTO
    case_entity(case_id,case_number,case_type,case_state,date_of_entry)
VALUES
    (1,'3431/21','C','OPEN','2021-01-30'),
    (2,'9962/21','K','DISMISSED','2022-12-21'),
    (3,'4719/22','Co','OPEN','2022-08-24'),
    (4,'7573/22','P','OPEN','2021-03-23'),
    (5,'6709/21','W','CLOSED','2021-08-17'),
    (6,'239/22','K','CLOSED','2022-02-02'),
    (7,'5393/21','P','OPEN','2022-06-22'),
    (8,'8996/22','Co','CLOSED','2022-09-09'),
    (9,'8383/21','W','OPEN','2022-05-27'),
    (10,'1162/22','W','DISMISSED','2022-07-20');

INSERT INTO
    party_entity(party_id,case_id,party_type,name,active)
VALUES
    (1,2,'PLAINTIFF','Harmon Blanchard','true'),
    (2,6,'PLAINTIFF','Eddie Carr','true'),
    (3,8,'DEFENDANT','Landry Watson','false'),
    (4,6,'PLAINTIFF','Solis Reynolds','false'),
    (5,2,'DEFENDANT','Cecile Bauer','true'),
    (6,10,'PLAINTIFF','Mccarty French','false'),
    (7,10,'DEFENDANT','Lucille Hyde','false'),
    (8,8,'DEFENDANT','Foley Norris','true'),
    (9,8,'PLAINTIFF','Josephine Alexander','true'),
    (10,7,'DEFENDANT','Alana Rosario','true'),
    (11,7,'PLAINTIFF','Daisy Maddox','false'),
    (12,6,'PLAINTIFF','Cabrera Sutton','false'),
    (13,10,'DEFENDANT','Georgina Lucas','false'),
    (14,9,'PLAINTIFF','Greta Finch','true'),
    (15,2,'PLAINTIFF','Martha Ayers','true'),
    (16,1,'PLAINTIFF','Copeland Ferrell','true'),
    (17,4,'DEFENDANT','Kerry Madden','true'),
    (18,9,'DEFENDANT','Adkins Cantu','false'),
    (19,8,'PLAINTIFF','Gould Spence','false'),
    (20,6,'PLAINTIFF','Kitty Mccoy','false');

INSERT INTO
    address_entity(id, city,postal_code,street,party_id)
VALUES
    (1,'Malbork','94-615','Miller Place',1),
    (1,'Gdynia','31-924','Beaver Street',2),
    (1,'Kwidzyn','96-813','Kossuth Place',3),
    (1,'Gdynia','35-839','Blake Court',4),
    (2,'Malbork','24-729','Harkness Avenue',4),
    (1,'Gdynia','42-401','Pitkin Avenue',5),
    (2,'Kwidzyn','64-122','Debevoise Street',5),
    (3,'Sopot','14-414','Marconi Place',5),
    (1,'Gdynia','40-823','Middleton Street',6),
    (1,'Sopot','42-647','Logan Street',7),
    (2,'Gdynia','77-129','Dorchester Road',7),
    (3,'Gdynia','44-772','Aster Court',7),
    (1,'Sopot','93-320','Monroe Place',8),
    (2,'Gdańsk','64-857','Summit Street',8),
    (3,'Malbork','40-757','Elton Street',8),
    (1,'Sopot','69-582','Flatbush Avenue',9),
    (2,'Kwidzyn','93-111','Pershing Loop',9),
    (1,'Kwidzyn','59-623','Campus Road',10),
    (1,'Malbork','20-617','Louis Place',11),
    (2,'Kraków','30-304','Kiely Place',11),
    (1,'Malbork','74-354','Laurel Avenue',12),
    (1,'Kraków','19-996','Dank Court',13),
    (1,'Sopot','66-316','Maple Street',14),
    (2,'Malbork','54-235','Varet Street',14),
    (3,'Gdynia','52-809','Atlantic Avenue',14),
    (1,'Sopot','89-360','Stillwell Avenue',15),
    (2,'Sopot','88-835','Box Street',15),
    (1,'Gdańsk','93-845','Schenectady Avenue',16),
    (1,'Sopot','76-517','Coyle Street',17),
    (2,'Kraków','39-826','Clay Street',17),
    (3,'Kraków','74-294','Navy Walk',17),
    (1,'Gdynia','72-471','Gerald Court',18),
    (2,'Kwidzyn','96-263','Temple Court',18),
    (3,'Gdynia','39-128','Garland Court',18),
    (1,'Sopot','72-903','Village Road',19),
    (1,'Kwidzyn','85-881','Dean Street',20),
    (2,'Gdańsk','76-684','Louisiana Avenue',20),
    (3,'Malbork','68-551','Seigel Court',20);
